{"accuracy": 0.9907479463899698, "balanced_acc": 0.990184838114595, "F1macro": 0.9901038895491863, "accuracy_less_than_50": 0.9723529411764706, "accuracy_greater_than_50": 0.9945601004289152, "accuracy_not_found": 0.9738562091503268}