{"accuracy": 0.9965412883700822, "balanced_acc": 0.996356859504478, "F1macro": 0.9964299690732168, "accuracy_less_than_50": 0.9882352941176471, "accuracy_greater_than_50": 0.9985354116539387, "accuracy_not_found": 0.9803921568627451}