{"accuracy": 0.9996541288370082, "balanced_acc": 0.999609748658668, "F1macro": 0.9996350750792619, "accuracy_less_than_50": 0.9982352941176471, "accuracy_greater_than_50": 0.99989538654671, "accuracy_not_found": 1.0}