{"accuracy": 0.7154345006485084, "balanced_acc": 0.705202999367906, "F1macro": 0.7048969200653459, "accuracy_less_than_50": 0.44058823529411767, "accuracy_greater_than_50": 0.7678627471492834, "accuracy_not_found": 0.6045751633986928}