{"accuracy": 0.9672287073065283, "balanced_acc": 0.9790872161386058, "F1macro": 0.9717940220447414, "accuracy_less_than_50": 1.0, "accuracy_greater_than_50": 0.9923632179098232, "accuracy_not_found": 0.0}